Country	1990	1991	1992	1993	1994	1995	1996	1997	1998	1999	2000	2001	2002	2003	2004	2005	2006	2007	2008	2009	2010	2011	2012	2013	2014	2015	2016	2017	2018
Afghanistan	2193.0	1841.0	1739.0	1208.0	877.0	1244.0	1130.0	1039.0	967.0	894.0	817.0	738.0	1159.0	1176.0	1126.0	1198.0	1244.0	1361.0	1358.0	1498.0	1675.0	1625.0	1776.0	1814.0	1796.0	1783.0	1766.0	1767.0	1746.0
Albania	4415.0	3138.0	2857.0	3261.0	3600.0	4168.0	4594.0	4112.0	4530.0	5141.0	5562.0	6093.0	6358.0	6760.0	7147.0	7557.0	8125.0	8671.0	9199.0	9376.0	9828.0	10210.0	10293.0	10669.0	10797.0	11098.0	11534.0	11831.0	12300.0
Algeria	9989.0	9457.0	9462.0	9171.0	8847.0	8904.0	9069.0	9099.0	9502.0	9596.0	9700.0	10130.0	10447.0	11068.0	11305.0	11595.0	11734.0	12419.0	12640.0	12602.0	12946.0	12908.0	12910.0	12946.0	13169.0	13330.0	13832.0	13656.0	13639.0
Andorra	49062.0	48391.0	47002.0	44928.0	44747.0	45136.0	46861.0	51136.0	52922.0	54896.0	44215.0	44886.0	45943.0	49328.0	50968.0	52917.0	53867.0	52786.0	47574.0	45492.0	43061.0	41402.0	41386.0	42376.0	44197.0	45260.0	46553.0	47550.0	48641.0
Angola	4139.0	4528.0	1737.0	1704.0	1304.0	2858.0	2826.0	3335.0	3269.0	2952.0	3092.0	3268.0	3904.0	3924.0	4130.0	4516.0	4751.0	5327.0	5437.0	5863.0	5818.0	5796.0	6128.0	6294.0	6484.0	6440.0	6051.0	5950.0	5555.0
Antigua and Barbuda	15749.0	16439.0	16475.0	17300.0	18021.0	16842.0	17665.0	18401.0	18943.0	19230.0	19676.0	18853.0	18396.0	19378.0	20145.0	21315.0	23686.0	25479.0	24945.0	21655.0	20096.0	19264.0	19529.0	19276.0	19780.0	20279.0	20909.0	21349.0	22201.0
Argentina	10932.0	11902.0	12816.0	13774.0	14371.0	13742.0	14297.0	15263.0	15619.0	14903.0	14617.0	13791.0	11841.0	12910.0	12911.0	13886.0	16185.0	17586.0	18137.0	16791.0	18279.0	19251.0	18940.0	19228.0	18562.0	18901.0	18249.0	18462.0	17611.0
Armenia	3600.0	3327.0	1649.0	1691.0	1988.0	2167.0	2403.0	2595.0	2725.0	2827.0	3006.0	3325.0	3814.0	4358.0	4822.0	5600.0	6426.0	7425.0	8045.0	6811.0	7061.0	7269.0	7793.0	8169.0	8301.0	8482.0	8310.0	9064.0	9277.0
Australia	27679.0	27203.0	27159.0	28112.0	28942.0	29524.0	30234.0	31130.0	32284.0	33555.0	34533.0	34748.0	35729.0	36308.0	37314.0	37669.0	38060.0	39025.0	39780.0	39939.0	39982.0	40281.0	41566.0	42201.0	42594.0	43246.0	43653.0	43756.0	44097.0
Austria	31587.0	32192.0	32442.0	32368.0	32951.0	33659.0	34520.0	35057.0	36218.0	37059.0	38502.0	38644.0	39405.0	39716.0	40597.0	41196.0	42600.0	43896.0	44815.0	42640.0	43700.0	44603.0	44597.0	44420.0	44306.0	43822.0	44621.0	45375.0	46231.0
Azerbaijan	8710.0	8514.0	6489.0	4975.0	3940.0	3430.0	3415.0	3606.0	3928.0	4162.0	4426.0	4816.0	5209.0	5689.0	6028.0	7184.0	9329.0	11155.0	12858.0	14628.0	15425.0	14676.0	15056.0	15846.0	16444.0	16259.0	15146.0	15312.0	15240.0
Bahamas	29469.0	27683.0	26858.0	26089.0	26432.0	31405.0	34558.0	28504.0	29326.0	31477.0	32303.0	32448.0	32837.0	31999.0	31779.0	32139.0	32259.0	32076.0	31323.0	29258.0	29085.0	28953.0	29753.0	29372.0	28661.0	28763.0	27791.0	28067.0	28395.0
Bahrain	29850.0	40166.0	40370.0	42512.0	41106.0	43105.0	43978.0	42635.0	43808.0	43385.0	44495.0	43081.0	41877.0	42112.0	42161.0	42760.0	42375.0	42696.0	41154.0	37214.0	37246.0	35445.0	36153.0	37643.0	36619.0	42125.0	41499.0	41645.0	40399.0
Bangladesh	1358.0	1374.0	1420.0	1458.0	1490.0	1531.0	1559.0	1598.0	1646.0	1691.0	1750.0	1801.0	1852.0	1907.0	1982.0	2082.0	2218.0	2362.0	2501.0	2603.0	2723.0	2861.0	3025.0	3158.0	3270.0	3439.0	3620.0	3792.0	4057.0
Barbados	13806.0	13255.0	12347.0	12389.0	12786.0	12930.0	13344.0	13992.0	14457.0	14372.0	14922.0	14445.0	14476.0	14688.0	14962.0	15311.0	15834.0	16405.0	16160.0	15601.0	15874.0	15281.0	15733.0	15617.0	15580.0	15635.0	15881.0	16033.0	15912.0
Belarus	8360.0	8255.0	7447.0	6865.0	6062.0	5443.0	5620.0	6271.0	6829.0	7103.0	7549.0	7943.0	8410.0	9088.0	10195.0	11237.0	12387.0	13446.0	14809.0	14764.0	15978.0	16815.0	17069.0	17006.0	17370.0	16450.0	15997.0	16542.0	17039.0
Belgium	30781.0	31342.0	31688.0	31564.0	32720.0	33350.0	33854.0	35061.0	35678.0	36822.0	38152.0	38062.0	38510.0	38714.0	39735.0	40281.0	41091.0	42179.0	42589.0	40410.0	42385.0	41700.0	42125.0	41688.0	41632.0	41598.0	42260.0	43300.0	43821.0
Belize	4977.0	5441.0	5953.0	6195.0	6004.0	5932.0	5802.0	5834.0	5755.0	5984.0	6476.0	6502.0	6675.0	7000.0	7000.0	7054.0	7188.0	6916.0	7002.0	7266.0	7109.0	7318.0	7274.0	7185.0	7235.0	7523.0	7272.0	7059.0	7136.0
Benin	1432.0	1449.0	1409.0	1470.0	1443.0	1482.0	1500.0	1549.0	1577.0	1615.0	1659.0	1694.0	1713.0	1718.0	1743.0	1730.0	1743.0	1791.0	1838.0	1823.0	1805.0	1817.0	1840.0	1919.0	1988.0	1971.0	2001.0	2055.0	2135.0
Bhutan	2207.0	2126.0	2160.0	2237.0	2423.0	2447.0	2584.0	2749.0	2648.0	2723.0	3429.0	3635.0	3887.0	4075.0	4239.0	4511.0	4807.0	5552.0	5678.0	5917.0	6435.0	6814.0	6961.0	7096.0	7410.0	7807.0	8202.0	8472.0	8609.0
Bolivia	3530.0	3662.0	3688.0	3764.0	3879.0	3976.0	4075.0	4205.0	4354.0	4268.0	4279.0	4273.0	4296.0	4280.0	4344.0	4476.0	4626.0	4743.0	4975.0	5028.0	5111.0	5257.0	5360.0	5627.0	5932.0	6260.0	6535.0	6640.0	6849.0
Bosnia and Herzegovina	1343.0	1243.0	1199.0	1216.0	1281.0	1594.0	3239.0	4469.0	6595.0	6962.0	7024.0	7235.0	7491.0	7692.0	8035.0	8686.0	9057.0	9599.0	10214.0	9969.0	9923.0	10057.0	10127.0	10603.0	10858.0	11351.0	11810.0	12220.0	12690.0
Botswana	8270.0	8989.0	9082.0	9371.0	8495.0	9249.0	9131.0	9897.0	10223.0	10225.0	10056.0	10283.0	9663.0	10319.0	10266.0	10725.0	11468.0	12293.0	12834.0	12128.0	12673.0	14036.0	14576.0	15326.0	15817.0	15414.0	15353.0	15596.0	15951.0
Brazil	10082.0	10089.0	9905.0	10142.0	10368.0	10901.0	10835.0	10973.0	10707.0	10518.0	11090.0	11051.0	11223.0	11232.0	11762.0	12007.0	12394.0	13061.0	13547.0	13424.0	14194.0	14670.0	14892.0	15351.0	15177.0	14490.0	13907.0	13975.0	14068.0
Brunei	85147.0	85355.0	86908.0	84763.0	85081.0	86600.0	86896.0	83605.0	81266.0	81932.0	82508.0	83059.0	84596.0	85449.0	84413.0	83421.0	85879.0	85361.0	82688.0	80279.0	80394.0	80283.0	80203.0	78725.0	76778.0	79110.0	77492.0	77188.0	76389.0
Bulgaria	8518.0	7743.0	7940.0	7880.0	8035.0	8271.0	8307.0	8282.0	8964.0	8293.0	8642.0	9372.0	10327.0	10901.0	11643.0	12461.0	13065.0	13447.0	14811.0	14715.0	14975.0	15184.0	15570.0	15596.0	16193.0	16662.0	17757.0	18874.0	19646.0
Burkina Faso	845.0	897.0	875.0	879.0	865.0	893.0	971.0	1000.0	1044.0	1089.0	1069.0	1109.0	1127.0	1180.0	1197.0	1266.0	1310.0	1340.0	1395.0	1393.0	1389.0	1418.0	1494.0	1538.0	1538.0	1545.0	1582.0	1640.0	1705.0
Burundi	1014.0	1045.0	1030.0	949.0	895.0	812.0	735.0	719.0	748.0	727.0	729.0	707.0	717.0	683.0	689.0	682.0	702.0	704.0	716.0	714.0	730.0	733.0	746.0	761.0	767.0	715.0	689.0	670.0	660.0
Cape Verde	1688.0	1665.0	1797.0	1896.0	2191.0	2428.0	2631.0	2864.0	3148.0	3420.0	3795.0	3872.0	3956.0	4082.0	4424.0	4593.0	4865.0	5648.0	5918.0	5776.0	5680.0	5863.0	5832.0	5850.0	5721.0	5782.0	5989.0	6164.0	6513.0
Cambodia	1381.0	1428.0	1480.0	1502.0	915.0	1084.0	1106.0	1133.0	1148.0	1250.0	1338.0	1414.0	1466.0	1573.0	1704.0	1888.0	2062.0	2255.0	2354.0	2313.0	2410.0	2534.0	2657.0	2836.0	2959.0	3085.0	3248.0	3418.0	3597.0
Cameroon	2889.0	2642.0	2517.0	2255.0	2226.0	2237.0	2271.0	2324.0	2396.0	2440.0	2413.0	2432.0	2492.0	2599.0	2735.0	2704.0	2762.0	2792.0	2830.0	2847.0	2848.0	2884.0	2919.0	2982.0	3108.0	3178.0	3229.0	3250.0	3291.0
Canada	30384.0	29469.0	29310.0	29820.0	30767.0	31302.0	31510.0	32608.0	33524.0	34963.0	36681.0	36862.0	37676.0	38021.0	38934.0	39837.0	40655.0	41136.0	41093.0	39347.0	39996.0	40880.0	41199.0	41818.0	42546.0	42567.0	42691.0	43496.0	43602.0
Central African Republic	968.0	942.0	858.0	833.0	841.0	882.0	823.0	849.0	865.0	885.0	839.0	862.0	874.0	815.0	840.0	834.0	856.0	880.0	878.0	947.0	987.0	1020.0	1068.0	681.0	679.0	706.0	732.0	756.0	777.0
Chad	1096.0	1165.0	1224.0	962.0	1055.0	1036.0	1021.0	1037.0	1084.0	1038.0	978.0	1050.0	1074.0	976.0	1334.0	1514.0	1453.0	1493.0	1444.0	1669.0	1850.0	1805.0	1902.0	1899.0	1971.0	1999.0	1836.0	1736.0	1716.0
Chile	8611.0	9141.0	10081.0	10638.0	10890.0	11736.0	12421.0	13182.0	13675.0	13379.0	13844.0	14168.0	14383.0	14514.0	15033.0	15611.0	15642.0	16410.0	17598.0	17299.0	17989.0	19112.0	20247.0	20960.0	21300.0	21653.0	21776.0	21415.0	21972.0
China	1530.0	1649.0	1857.0	2085.0	2331.0	2522.0	2747.0	2978.0	3167.0	3389.0	3651.0	3918.0	4263.0	4678.0	5137.0	5665.0	6381.0	7281.0	7974.0	8613.0	9458.0	10259.0	11090.0	11823.0	12742.0	13485.0	14311.0	15212.0	16127.0
Colombia	7392.0	7434.0	7617.0	7945.0	8331.0	8613.0	8601.0	8737.0	8683.0	8193.0	8254.0	8239.0	8300.0	8439.0	8756.0	9131.0	9612.0	10100.0	10254.0	10305.0	10567.0	11151.0	11538.0	11996.0	12513.0	12951.0	13087.0	12963.0	12896.0
Comoros	2576.0	2368.0	2520.0	2510.0	2305.0	2325.0	2229.0	2257.0	2222.0	2211.0	2391.0	2389.0	2378.0	2369.0	2355.0	2367.0	2374.0	2345.0	2372.0	2391.0	2424.0	2463.0	2479.0	2534.0	2529.0	2504.0	2504.0	2515.0	2426.0
Republic of the Congo	5976.0	6060.0	6307.0	5676.0	5506.0	4001.0	4024.0	4484.0	5178.0	4034.0	3564.0	3998.0	4054.0	3940.0	3613.0	2975.0	2674.0	3131.0	3614.0	4068.0	4051.0	3976.0	4742.0	5108.0	5942.0	7631.0	6765.0	6068.0	5804.0
Democratic Republic of the Congo	2054.0	1684.0	1550.0	1330.0	729.0	696.0	725.0	664.0	642.0	579.0	565.0	522.0	531.0	548.0	564.0	572.0	589.0	602.0	602.0	614.0	634.0	648.0	665.0	669.0	712.0	749.0	794.0	787.0	800.0
Costa Rica	7377.0	7509.0	8009.0	8372.0	8645.0	8742.0	8681.0	8942.0	9246.0	9239.0	9313.0	9467.0	9626.0	9888.0	10217.0	10520.0	11226.0	12022.0	12502.0	12049.0	12485.0	12850.0	13339.0	13408.0	13648.0	13952.0	14393.0	14619.0	14790.0
Croatia	14413.0	11436.0	10042.0	9329.0	9979.0	12742.0	13650.0	14668.0	14861.0	14585.0	15316.0	16477.0	17372.0	18032.0	19033.0	19692.0	20598.0	21755.0	22037.0	20348.0	20177.0	20192.0	19737.0	19888.0	19960.0	20890.0	21216.0	22426.0	23061.0
Cuba	4920.0	4372.0	3856.0	3261.0	3266.0	3308.0	3558.0	3642.0	3637.0	3844.0	4047.0	4182.0	4233.0	4381.0	4618.0	5138.0	5770.0	6156.0	6400.0	6428.0	6601.0	6821.0	7022.0	7208.0	7258.0	7567.0	7597.0	7726.0	7811.0
Cyprus	22853.0	22430.0	23807.0	23422.0	24226.0	24254.0	24222.0	24348.0	27786.0	26406.0	26855.0	28026.0	29381.0	30101.0	30670.0	31873.0	32716.0	33342.0	35274.0	32678.0	32881.0	33145.0	30718.0	28727.0	28908.0	31057.0	31358.0	32219.0	33100.0
Czechia	20121.0	17774.0	17803.0	17759.0	18272.0	19080.0	19789.0	19701.0	19644.0	19865.0	20752.0	21241.0	21468.0	22284.0	23059.0	24572.0	25777.0	26958.0	27441.0	25796.0	26237.0	26617.0	26761.0	26672.0	27119.0	28498.0	29211.0	30530.0	31597.0
Ivory Coast	2806.0	2759.0	2686.0	2579.0	2600.0	2704.0	2865.0	2925.0	3025.0	2975.0	2713.0	2590.0	2462.0	2311.0	2402.0	2580.0	2559.0	2548.0	2562.0	2580.0	2573.0	2398.0	2609.0	2741.0	2962.0	3126.0	3387.0	3426.0	3589.0
Denmark	32832.0	33151.0	33764.0	33822.0	35550.0	36598.0	37386.0	38503.0	39365.0	40538.0	41414.0	41935.0	42090.0	42283.0	43731.0	44929.0	46716.0	46609.0	46379.0	43817.0	44726.0	45340.0	45340.0	45983.0	46714.0	47213.0	47729.0	48338.0	48836.0
Djibouti	1919.0	1819.0	1877.0	1970.0	1881.0	1969.0	1824.0	1858.0	1801.0	1845.0	1822.0	1805.0	1837.0	1966.0	2022.0	2048.0	2303.0	2365.0	2415.0	2451.0	2494.0	2562.0	2638.0	2823.0	3003.0	3231.0	3431.0	3469.0	3601.0
Dominica	6484.0	6505.0	6648.0	6801.0	6674.0	6823.0	6933.0	7184.0	7568.0	7394.0	7251.0	7608.0	7294.0	7772.0	7873.0	7999.0	8730.0	9197.0	9916.0	9921.0	10074.0	10027.0	9746.0	9777.0	10163.0	9804.0	10179.0	9218.0	9245.0
Dominican Republic	5278.0	5204.0	5734.0	5946.0	6033.0	6263.0	6572.0	7037.0	7381.0	7683.0	7930.0	8007.0	8251.0	7829.0	7776.0	8665.0	9373.0	9927.0	10265.0	10233.0	10955.0	11137.0	11290.0	11613.0	12334.0	13127.0	13801.0	14197.0	15074.0
Ecuador	6878.0	7110.0	7193.0	7249.0	7420.0	7450.0	7395.0	7584.0	7641.0	6969.0	6897.0	7170.0	7372.0	7425.0	7873.0	8197.0	8447.0	8485.0	9013.0	8951.0	9168.0	9727.0	10136.0	10482.0	10702.0	10524.0	10208.0	10220.0	10141.0
Egypt	5750.0	5874.0	5999.0	6045.0	6156.0	6322.0	6512.0	6733.0	6991.0	7238.0	7545.0	7676.0	7725.0	7809.0	7986.0	8119.0	8590.0	9076.0	9547.0	9734.0	9828.0	9727.0	9750.0	9712.0	9793.0	10069.0	10323.0	10473.0	10744.0
El Salvador	4385.0	4387.0	4674.0	4887.0	5076.0	5260.0	5235.0	5326.0	5424.0	5435.0	5480.0	5490.0	5520.0	5538.0	5553.0	5676.0	5937.0	6026.0	6168.0	5951.0	6096.0	6295.0	6373.0	6454.0	6534.0	6645.0	6745.0	6832.0	6973.0
Equatorial Guinea	1424.0	1399.0	1855.0	1956.0	1849.0	1902.0	2958.0	7721.0	8211.0	10591.0	9269.0	9046.0	11720.0	10477.0	12505.0	21113.0	26834.0	30141.0	29473.0	29598.0	21716.0	22402.0	23988.0	23247.0	22773.0	23456.0	21365.0	19494.0	17796.0
Eritrea	895.0	996.0	1533.0	1754.0	2146.0	2250.0	2408.0	2617.0	2678.0	2648.0	2484.0	2598.0	2548.0	2359.0	2281.0	2265.0	2177.0	2153.0	1895.0	1932.0	1941.0	2084.0	1572.0	1613.0	1626.0	1633.0	1627.0	1670.0	1708.0
Estonia	15020.0	13965.0	11494.0	10529.0	10535.0	11443.0	12174.0	13292.0	14075.0	13934.0	15180.0	16115.0	17204.0	18442.0	19785.0	21972.0	24054.0	25555.0	24619.0	21516.0	21539.0	23313.0	24661.0	25678.0	26334.0	27001.0	27915.0	29320.0	30379.0
Swaziland	5927.0	5914.0	5978.0	5855.0	5593.0	6092.0	6391.0	6468.0	6256.0	6458.0	6286.0	6598.0	6430.0	6513.0	6864.0	7662.0	7665.0	8015.0	7917.0	7825.0	7819.0	8317.0	8663.0	9288.0	9331.0	9362.0	9457.0	9396.0	9359.0
Ethiopia	651.0	584.0	514.0	558.0	556.0	573.0	626.0	622.0	585.0	599.0	617.0	650.0	640.0	608.0	673.0	734.0	792.0	861.0	928.0	980.0	1071.0	1159.0	1224.0	1316.0	1410.0	1512.0	1612.0	1714.0	1782.0
Fiji	5683.0	5517.0	5758.0	5796.0	5920.0	6162.0	6429.0	6191.0	6114.0	6603.0	6807.0	6728.0	7047.0	7056.0	7412.0	7536.0	7216.0	7208.0	7184.0	7165.0	7125.0	7293.0	7331.0	7812.0	8016.0	8391.0	8588.0	8799.0	9110.0
Finland	28133.0	26110.0	24833.0	24381.0	25523.0	26722.0	27824.0	29720.0	31096.0	32739.0	34658.0	35692.0	36333.0	36626.0	38468.0	39285.0	40934.0	42604.0	42656.0	39370.0	40389.0	40868.0	40120.0	39563.0	39372.0	39473.0	40609.0	41142.0	41779.0
France	29573.0	29692.0	30056.0	29766.0	30307.0	30836.0	31323.0	32057.0	33115.0	34307.0	35261.0	35779.0	35655.0	35796.0	36558.0	37005.0	37751.0	38425.0	38379.0	37135.0	37674.0	38436.0	38194.0	38240.0	38397.0	38668.0	38926.0	39935.0	40511.0
Gabon	19368.0	20053.0	18489.0	18512.0	19119.0	19311.0	19454.0	19913.0	20875.0	18165.0	16125.0	17023.0	17194.0	16870.0	15552.0	16335.0	14626.0	14715.0	13543.0	14200.0	13960.0	13814.0	15005.0	15519.0	16906.0	16336.0	16339.0	16213.0	15794.0
Gambia	1329.0	1393.0	1395.0	1394.0	1354.0	1331.0	1320.0	1328.0	1332.0	1366.0	1393.0	1417.0	1312.0	1373.0	1440.0	1383.0	1353.0	1369.0	1414.0	1454.0	1503.0	1390.0	1429.0	1468.0	1409.0	1446.0	1416.0	1437.0	1490.0
Georgia	7988.0	6258.0	3399.0	2360.0	2146.0	2224.0	2622.0	3173.0	3406.0	3576.0	3664.0	3794.0	4011.0	4485.0	4831.0	5299.0	5896.0	6561.0	6623.0	6455.0	6769.0	7325.0	8012.0	8225.0	8688.0	8748.0	8768.0	9146.0	9570.0
Germany	31793.0	32995.0	33325.0	32732.0	33196.0	33594.0	33807.0	34311.0	34853.0	35458.0	36529.0	37019.0	36821.0	36649.0	37694.0	38051.0	39828.0	41080.0	41393.0	39673.0	41236.0	43770.0	43827.0	43888.0	44529.0	45012.0	45577.0	46438.0	46946.0
Ghana	1863.0	1907.0	1928.0	1960.0	1966.0	1992.0	2030.0	2065.0	2108.0	2145.0	2152.0	2205.0	2247.0	2305.0	2372.0	2475.0	2583.0	2627.0	2799.0	2863.0	2977.0	3264.0	3408.0	3687.0	3663.0	3735.0	3756.0	3943.0	4099.0
Greece	21080.0	21554.0	21596.0	21073.0	21404.0	21752.0	22203.0	23101.0	23840.0	24194.0	24924.0	25891.0	26724.0	28009.0	29326.0	29203.0	30556.0	31243.0	30930.0	29749.0	28134.0	25428.0	24521.0	23714.0	24242.0	24165.0	24187.0	24647.0	24909.0
Grenada	6929.0	7161.0	7089.0	6804.0	6843.0	6837.0	7070.0	7374.0	8127.0	8631.0	8919.0	8566.0	8746.0	9568.0	9232.0	11224.0	10740.0	11218.0	11325.0	10209.0	10445.0	10590.0	10382.0	10640.0	10689.0	11011.0	11650.0	12155.0	12684.0
Guatemala	4969.0	5107.0	5217.0	5313.0	5402.0	5535.0	5550.0	5670.0	5845.0	5925.0	6002.0	6041.0	6063.0	6077.0	6108.0	6160.0	6316.0	6552.0	6641.0	6501.0	6537.0	6630.0	6747.0	6867.0	6976.0	7128.0	7199.0	7283.0	7378.0
Guinea	1272.0	1270.0	1292.0	1346.0	1368.0	1394.0	1416.0	1442.0	1451.0	1486.0	1486.0	1498.0	1576.0	1470.0	1471.0	1451.0	1491.0	1570.0	1564.0	1511.0	1559.0	1604.0	1676.0	1714.0	1775.0	1805.0	1971.0	2201.0	2211.0
Guinea-Bissau	1565.0	1570.0	1563.0	1552.0	1575.0	1592.0	1745.0	1850.0	1287.0	1281.0	1366.0	1353.0	1336.0	1312.0	1322.0	1347.0	1359.0	1376.0	1369.0	1386.0	1424.0	1516.0	1449.0	1422.0	1477.0	1513.0	1570.0	1580.0	1593.0
Guyana	2097.0	1865.0	2299.0	2798.0	3199.0	3409.0	3958.0	4108.0	4151.0	4202.0	4332.0	4391.0	4425.0	4481.0	4631.0	4612.0	5120.0	5427.0	5462.0	5652.0	5793.0	6085.0	6398.0	6622.0	6846.0	7032.0	7294.0	7443.0	7615.0
Haiti	2091.0	2093.0	1942.0	1807.0	1566.0	1697.0	1740.0	1752.0	1756.0	1770.0	1762.0	1705.0	1662.0	1638.0	1559.0	1549.0	1580.0	1607.0	1596.0	1623.0	1513.0	1577.0	1603.0	1639.0	1666.0	1661.0	1666.0	1664.0	1665.0
Honduras	3027.0	2825.0	2893.0	3059.0	2973.0	3062.0	3034.0	3125.0	3159.0	3072.0	3188.0	3181.0	3203.0	3246.0	3344.0	3480.0	3618.0	3818.0	3878.0	3681.0	3731.0	3764.0	3799.0	3825.0	3836.0	3955.0	4032.0	4148.0	4258.0
Hong Kong	26175.0	27273.0	28669.0	31307.0	32332.0	32678.0	31988.0	33624.0	32084.0	32598.0	34330.0	34822.0	34629.0	36489.0	39142.0	41166.0	44578.0	47452.0	49409.0	46785.0	49139.0	51454.0	51114.0	52725.0	53886.0	54608.0	55816.0	58553.0	60221.0
Hungary	16200.0	14059.0	13730.0	14255.0	14671.0	14829.0	14780.0	15057.0	15702.0	16222.0	17091.0	17768.0	18585.0	19471.0	20315.0	21235.0	22165.0	21944.0	22297.0	21195.0	21359.0	21784.0	21692.0	22515.0	23154.0	23965.0	25081.0	25774.0	27144.0
Iceland	29373.0	29182.0	27957.0	27987.0	28551.0	28511.0	29864.0	30490.0	32247.0	33156.0	33726.0	34752.0	35906.0	36075.0	37491.0	38782.0	38860.0	42014.0	35114.0	33274.0	32619.0	34552.0	35944.0	40400.0	40701.0	42182.0	44809.0	46817.0	47566.0
India	1882.0	1859.0	1922.0	1977.0	2070.0	2188.0	2313.0	2364.0	2465.0	2637.0	2683.0	2769.0	2832.0	3002.0	3189.0	3387.0	3602.0	3833.0	3887.0	4134.0	4403.0	4584.0	4760.0	5001.0	5315.0	5674.0	6075.0	6446.0	6829.0
Indonesia	4399.0	4628.0	4847.0	5130.0	5493.0	5838.0	6217.0	6399.0	5328.0	5185.0	5422.0	5717.0	5938.0	6084.0	6256.0	6506.0	6816.0	7164.0	7539.0	7788.0	8234.0	8614.0	9011.0	9370.0	9679.0	10029.0	10419.0	10811.0	11256.0
Iran	11391.0	12497.0	12606.0	12565.0	12080.0	12362.0	12585.0	12585.0	12781.0	12584.0	13228.0	13178.0	13989.0	15013.0	15435.0	15737.0	16373.0	17554.0	17416.0	17337.0	18142.0	18402.0	16938.0	16696.0	17177.0	16720.0	18710.0	19127.0	18166.0
Iraq	11382.0	3983.0	5156.0	6595.0	6645.0	6578.0	7080.0	8215.0	10737.0	12192.0	12135.0	12040.0	10774.0	7138.0	10727.0	11092.0	11972.0	11972.0	13200.0	13042.0	13305.0	13679.0	15106.0	15401.0	15024.0	14853.0	16387.0	15650.0	15365.0
Ireland	19935.0	20286.0	20557.0	21098.0	22327.0	23944.0	25744.0	27828.0	29704.0	31589.0	34066.0	34511.0	35262.0	36806.0	38755.0	40180.0	41630.0	42012.0	39387.0	35691.0	36300.0	36449.0	36116.0	38059.0	41208.0	45809.0	50911.0	52799.0	55660.0
Israel	20001.0	20469.0	21259.0	21553.0	22535.0	23489.0	23984.0	24212.0	24526.0	24420.0	25092.0	25073.0	24713.0	24510.0	25287.0	26375.0	27494.0	28643.0	28431.0	27942.0	29110.0	30157.0	29852.0	30679.0	31728.0	31814.0	32428.0	32860.0	33650.0
Italy	30729.0	31124.0	31315.0	31104.0	31717.0	32742.0	33237.0	34007.0	34513.0	35174.0	36394.0	37046.0	37030.0	36907.0	37370.0	37661.0	38392.0	38642.0	37608.0	35688.0	36128.0	36251.0	35178.0	34161.0	33946.0	34105.0	34818.0	35573.0	36141.0
Jamaica	6597.0	6804.0	7013.0	8003.0	7797.0	7963.0	8099.0	7882.0	7638.0	7630.0	7621.0	7593.0	7562.0	7826.0	7902.0	7904.0	8165.0	8243.0	8241.0	7730.0	7714.0	7821.0	7886.0	7802.0	7806.0	7751.0	7721.0	7870.0	7932.0
Japan	30836.0	31774.0	32015.0	31781.0	31974.0	32731.0	33768.0	34084.0	33586.0	33437.0	34386.0	34477.0	34399.0	34906.0	35770.0	36461.0	37114.0	37821.0	37233.0	35175.0	36685.0	36788.0	37341.0	38387.0	38669.0	39297.0	39407.0	40343.0	40799.0
Jordan	5880.0	5514.0	6319.0	6332.0	6354.0	6563.0	6489.0	6651.0	6804.0	6900.0	7312.0	7607.0	7804.0	7997.0	8514.0	8910.0	9303.0	9726.0	9827.0	9830.0	9306.0	9041.0	8759.0	8574.0	8432.0	8308.0	8253.0	8253.0	8268.0
Kazakhstan	13703.0	12202.0	11595.0	10600.0	9374.0	8740.0	8897.0	9164.0	9152.0	9308.0	9910.0	11427.0	12669.0	13643.0	14676.0	15417.0	16254.0	17233.0	16858.0	17686.0	17928.0	18215.0	19169.0	21010.0	21706.0	23175.0	22062.0	22025.0	22168.0
Kenya	2265.0	2213.0	2130.0	2027.0	2037.0	2098.0	2157.0	2117.0	2135.0	2116.0	2077.0	2096.0	2055.0	2055.0	2107.0	2188.0	2261.0	2346.0	2295.0	2306.0	2427.0	2516.0	2550.0	2614.0	2676.0	2768.0	2875.0	2936.0	3052.0
Kiribati	2358.0	3058.0	3075.0	2930.0	2922.0	3041.0	2620.0	3114.0	3448.0	3085.0	3234.0	3333.0	3151.0	2977.0	2880.0	2814.0	2686.0	2726.0	2661.0	2489.0	2565.0	2434.0	2730.0	3092.0	3453.0	4050.0	3985.0	3971.0	3917.0
South Korea	11614.0	12687.0	13326.0	14091.0	15213.0	16482.0	17573.0	18400.0	17121.0	18974.0	20601.0	21377.0	22902.0	23457.0	24556.0	25315.0	26600.0	27932.0	28590.0	28579.0	30387.0	31412.0	32099.0	32781.0	33534.0	34276.0	35122.0	35945.0	36757.0
Kuwait	52301.0	34139.0	56057.0	73710.0	82558.0	95142.0	93274.0	94232.0	92690.0	81480.0	81957.0	77739.0	75124.0	85776.0	94816.0	101314.0	106011.0	106529.0	99649.0	88457.0	80290.0	82672.0	84858.0	81594.0	79290.0	75582.0	76145.0	73742.0	71164.0
Kyrgyzstan	3420.0	3096.0	2639.0	2224.0	1758.0	1634.0	1728.0	1846.0	1843.0	1859.0	1932.0	2056.0	2043.0	2169.0	2265.0	2258.0	2343.0	2527.0	2649.0	2700.0	2601.0	2610.0	2761.0	2923.0	3021.0	3082.0	3108.0	3199.0	3317.0
Laos	1732.0	1756.0	1804.0	1861.0	1961.0	2047.0	2142.0	2198.0	2232.0	2386.0	2419.0	2515.0	2627.0	2698.0	2860.0	3060.0	3158.0	3418.0	3579.0	3856.0	3970.0	4181.0	4506.0	4826.0	5166.0	5460.0	5748.0	5985.0	6317.0
Latvia	14077.0	12672.0	8229.0	7094.0	7241.0	8345.0	8630.0	9506.0	10214.0	10402.0	11162.0	12087.0	13080.0	14230.0	15345.0	17347.0	19305.0	21284.0	21111.0	19929.0	18481.0	19768.0	20687.0	21518.0	22094.0	22890.0	23648.0	24853.0	26301.0
Lebanon	6794.0	8126.0	9163.0	9474.0	9887.0	10228.0	10997.0	10881.0	11050.0	10872.0	10817.0	10568.0	9972.0	8532.0	10099.0	10413.0	10623.0	11852.0	12767.0	13630.0	14212.0	13759.0	13291.0	12771.0	12197.0	11755.0	11547.0	11635.0	11136.0
Lesotho	2053.0	2051.0	2040.0	1979.0	2021.0	1989.0	2065.0	2082.0	2019.0	2046.0	2055.0	2413.0	2440.0	2533.0	2487.0	2447.0	2456.0	2868.0	3008.0	2936.0	3044.0	3046.0	3119.0	3122.0	3121.0	3217.0	3347.0	3228.0	3244.0
Liberia	923.0	806.0	533.0	361.0	281.0	261.0	277.0	531.0	642.0	619.0	1209.0	1162.0	1157.0	781.0	869.0	889.0	926.0	988.0	1016.0	1004.0	1020.0	1094.0	1108.0	1174.0	1152.0	1137.0	1091.0	1085.0	1040.0
Libya	20344.0	22970.0	21835.0	20561.0	20524.0	19677.0	19747.0	20462.0	19476.0	19271.0	19377.0	19208.0	18774.0	21036.0	21029.0	22871.0	24589.0	25347.0	28539.0	28040.0	28751.0	11114.0	24327.0	11856.0	9285.0	9048.0	8799.0	10997.0	11685.0
Liechtenstein	63874.0	64199.0	65629.0	67508.0	71074.0	74144.0	78080.0	82454.0	87531.0	93739.0	96864.0	87255.0	83956.0	79121.0	78206.0	84033.0	93239.0	103380.0	100278.0	85104.0	89070.0	79352.0	70267.0	92611.0	95536.0	96869.0	97351.0	98006.0	99732.0
Lithuania	15932.0	15044.0	11890.0	10000.0	9068.0	9340.0	9809.0	10609.0	11444.0	11378.0	11969.0	12913.0	13939.0	15310.0	16587.0	18273.0	19834.0	21881.0	22756.0	20672.0	20672.0	22015.0	23326.0	24492.0	25912.0	25924.0	26860.0	28375.0	29775.0
Luxembourg	60153.0	65016.0	64709.0	65820.0	65181.0	67316.0	67406.0	72978.0	73360.0	76148.0	79992.0	83182.0	77611.0	71406.0	82808.0	84855.0	77291.0	91519.0	86052.0	62099.0	66588.0	63525.0	62078.0	60205.0	60323.0	62935.0	62818.0	65101.0	65543.0
Madagascar	1590.0	1416.0	1416.0	1409.0	1354.0	1334.0	1334.0	1358.0	1375.0	1406.0	1418.0	1464.0	1236.0	1319.0	1342.0	1368.0	1397.0	1452.0	1515.0	1407.0	1371.0	1346.0	1326.0	1320.0	1332.0	1323.0	1339.0	1374.0	1404.0
Malawi	730.0	779.0	715.0	784.0	689.0	799.0	856.0	869.0	871.0	873.0	866.0	804.0	803.0	828.0	852.0	859.0	876.0	938.0	982.0	1028.0	1061.0	1082.0	1062.0	1078.0	1112.0	1110.0	1130.0	1149.0	1159.0
Malaysia	10175.0	10775.0	11402.0	12273.0	13073.0	13997.0	15003.0	15591.0	14053.0	14330.0	15071.0	14973.0	15559.0	16296.0	17078.0	17757.0	18661.0	19606.0	19950.0	19515.0	20374.0	21290.0	21836.0	22641.0	23686.0	24703.0	25394.0	26555.0	27227.0
Maldives	6261.0	6327.0	6556.0	6663.0	7112.0	7388.0	7826.0	8285.0	8771.0	9135.0	9332.0	8931.0	9350.0	10249.0	10633.0	9006.0	11092.0	10184.0	11215.0	10287.0	10526.0	11162.0	11105.0	11185.0	11654.0	11658.0	11978.0	12234.0	12549.0
Mali	1271.0	1397.0	1317.0	1328.0	1327.0	1295.0	1350.0	1377.0	1445.0	1495.0	1457.0	1571.0	1551.0	1687.0	1661.0	1715.0	1726.0	1747.0	1778.0	1798.0	1804.0	1811.0	1734.0	1744.0	1813.0	1868.0	1904.0	1964.0	1965.0
Malta	17386.0	17760.0	18161.0	18609.0	19122.0	20040.0	20490.0	21394.0	21911.0	23432.0	24095.0	24782.0	25235.0	25447.0	25466.0	25498.0	25754.0	26809.0	27708.0	25659.0	26854.0	27670.0	27927.0	28688.0	30663.0	32640.0	32619.0	33461.0	34795.0
Marshall Islands	3737.0	3650.0	3839.0	4015.0	4206.0	4592.0	3947.0	3773.0	3800.0	3806.0	4015.0	4170.0	4106.0	3989.0	3938.0	3982.0	3951.0	4035.0	3926.0	3858.0	3923.0	3978.0	3956.0	4148.0	4314.0	4605.0	4506.0	4587.0	4633.0
Mauritania	2675.0	2699.0	2688.0	2752.0	2596.0	2779.0	3047.0	2840.0	2866.0	3015.0	2896.0	2780.0	2901.0	2978.0	3058.0	3221.0	3511.0	3536.0	3522.0	3461.0	3398.0	3379.0	3449.0	3566.0	3629.0	3622.0	3636.0	3682.0	3746.0
Mauritius	7503.0	7830.0	8243.0	8540.0	8703.0	9016.0	9374.0	9840.0	10306.0	10468.0	11219.0	11576.0	11680.0	12189.0	12674.0	12835.0	13506.0	14491.0	15056.0	15351.0	15783.0	16247.0	17590.0	18760.0	19421.0	20188.0	20893.0	21966.0	22724.0
Mexico	13156.0	13535.0	13775.0	13836.0	14260.0	12963.0	13671.0	14502.0	15021.0	15264.0	15790.0	15554.0	15356.0	15362.0	15781.0	15814.0	16386.0	16488.0	16476.0	15334.0	15970.0	16258.0	16568.0	16411.0	16757.0	17074.0	17344.0	17533.0	17628.0
Micronesia	3330.0	3390.0	3336.0	3349.0	3276.0	3299.0	3163.0	3133.0	3019.0	3056.0	3204.0	3251.0	3267.0	3321.0	3267.0	3366.0	3387.0	3372.0	3284.0	3443.0	3439.0	3519.0	3468.0	3395.0	3272.0	3728.0	3635.0	3700.0	3700.0
Moldova	6743.0	5552.0	3902.0	3871.0	2686.0	3104.0	3062.0	3104.0	2892.0	2799.0	2852.0	3172.0	3431.0	3845.0	4175.0	4457.0	4673.0	4727.0	5117.0	4648.0	5073.0	5357.0	5454.0	5956.0	6212.0	6032.0	6292.0	6603.0	6833.0
Mongolia	5048.0	4608.0	4058.0	3837.0	3946.0	4176.0	4269.0	4401.0	4558.0	4656.0	4646.0	4753.0	4922.0	5192.0	5689.0	5938.0	6417.0	6905.0	7351.0	7057.0	7086.0	8124.0	8981.0	10079.0	10384.0	10435.0	10324.0	9892.0	10784.0
Montenegro	10917.0	10917.0	10917.0	10917.0	10917.0	10917.0	10917.0	10917.0	10917.0	10917.0	10917.0	10987.0	11214.0	11472.0	11884.0	11885.0	12959.0	13767.0	14786.0	13706.0	13921.0	14589.0	14310.0	14847.0	15001.0	15647.0	15883.0	16855.0	17511.0
Morocco	3809.0	4000.0	3860.0	3744.0	4095.0	3797.0	4240.0	4114.0	4383.0	4378.0	4402.0	4673.0	4777.0	5012.0	5211.0	5349.0	5680.0	5824.0	6104.0	6210.0	6366.0	6591.0	6671.0	6923.0	6939.0	7183.0	7169.0	7342.0	7480.0
Mozambique	373.0	381.0	340.0	357.0	364.0	365.0	456.0	495.0	538.0	571.0	554.0	604.0	590.0	666.0	687.0	723.0	749.0	792.0	829.0	886.0	913.0	970.0	1021.0	1065.0	1103.0	1133.0	1138.0	1139.0	1154.0
Myanmar	730.0	715.0	775.0	812.0	863.0	912.0	960.0	1001.0	1046.0	1146.0	1289.0	1418.0	1574.0	1775.0	1999.0	2252.0	2529.0	2814.0	3083.0	3387.0	3688.0	3864.0	3951.0	4284.0	4547.0	4863.0	5155.0	5443.0	5764.0
Namibia	5821.0	6213.0	6324.0	6105.0	6051.0	6289.0	6235.0	6352.0	6474.0	6402.0	6720.0	6641.0	6965.0	7379.0	7868.0	7732.0	8205.0	8246.0	8324.0	8176.0	8348.0	8718.0	8863.0	9534.0	10011.0	10402.0	10171.0	9779.0	9683.0
Nauru	7832.0	7832.0	7832.0	7832.0	7832.0	7832.0	7832.0	7832.0	7832.0	7832.0	7832.0	7071.0	6427.0	6842.0	5656.0	6051.0	3631.0	5640.0	5824.0	6901.0	7694.0	8162.0	9474.0	12321.0	14991.0	15203.0	16239.0	17345.0	17313.0
Nepal	1192.0	1235.0	1252.0	1263.0	1332.0	1342.0	1381.0	1419.0	1432.0	1467.0	1532.0	1579.0	1549.0	1587.0	1637.0	1682.0	1725.0	1767.0	1854.0	1926.0	2002.0	2064.0	2172.0	2267.0	2426.0	2496.0	2486.0	2639.0	2748.0
Netherlands	32233.0	32868.0	33079.0	33452.0	34416.0	35534.0	36660.0	37796.0	38813.0	41174.0	42776.0	42472.0	42380.0	42816.0	43297.0	43221.0	45632.0	46861.0	46360.0	45277.0	46241.0	47251.0	46735.0	46374.0	46129.0	46976.0	47008.0	48994.0	50013.0
New Zealand	23099.0	21231.0	21294.0	22228.0	23146.0	24019.0	24213.0	24725.0	25064.0	25928.0	26615.0	27527.0	28332.0	29105.0	29558.0	29945.0	30358.0	30778.0	30197.0	30816.0	30643.0	31252.0	31911.0	32521.0	33193.0	33983.0	34538.0	34668.0	35108.0
Nicaragua	2860.0	2221.0	2027.0	2058.0	2421.0	2618.0	2786.0	2898.0	3024.0	3186.0	3272.0	3300.0	3299.0	3346.0	3494.0	3631.0	3703.0	3859.0	3937.0	3733.0	3855.0	4047.0	4245.0	4397.0	4561.0	4709.0	4859.0	5025.0	4790.0
Niger	872.0	871.0	791.0	775.0	775.0	762.0	771.0	764.0	818.0	786.0	748.0	774.0	765.0	778.0	755.0	761.0	778.0	772.0	812.0	774.0	806.0	793.0	843.0	849.0	884.0	884.0	892.0	901.0	912.0
Nigeria	3221.0	3157.0	3191.0	2995.0	2912.0	2872.0	2924.0	2946.0	2936.0	2932.0	2828.0	3011.0	3381.0	3499.0	3699.0	3819.0	4166.0	4207.0	4375.0	4573.0	4793.0	4924.0	5017.0	5220.0	5494.0	5540.0	5336.0	5203.0	5086.0
Macedonia	9526.0	8999.0	8265.0	7705.0	7630.0	7570.0	7616.0	7666.0	7874.0	8126.0	8458.0	8257.0	8322.0	8482.0	8915.0	9216.0	9808.0	9985.0	10907.0	10911.0	11192.0	11404.0	11296.0	11589.0	12057.0	12338.0	12552.0	12570.0	12874.0
Norway	41798.0	42764.0	44456.0	45390.0	47653.0	49556.0	51806.0	54283.0	55359.0	56202.0	57315.0	58984.0	59620.0	59979.0	61761.0	63509.0	63879.0	64859.0	64254.0	63017.0	62994.0	62729.0	63523.0	63573.0	65438.0	66584.0	66746.0	67529.0	68059.0
Oman	34936.0	35829.0	36493.0	37076.0	37085.0	38098.0	38567.0	40569.0	41176.0	41093.0	43271.0	44795.0	43043.0	41579.0	41322.0	40620.0	38774.0	42549.0	43322.0	43636.0	42949.0	39387.0	40034.0	39832.0	37675.0	38837.0	39066.0	37379.0	37039.0
Pakistan	3195.0	3199.0	3306.0	3263.0	3276.0	3361.0	3386.0	3307.0	3291.0	3321.0	3358.0	3339.0	3430.0	3605.0	3748.0	3938.0	4075.0	4170.0	4155.0	4205.0	4227.0	4278.0	4360.0	4457.0	4590.0	4727.0	4891.0	5033.0	5190.0
Palau	11406.0	12346.0	11245.0	9967.0	10349.0	10758.0	11088.0	10885.0	10535.0	10365.0	11421.0	11973.0	12182.0	11990.0	12736.0	13786.0	13358.0	13772.0	13115.0	13342.0	13539.0	14510.0	14923.0	14267.0	15092.0	16045.0	16325.0	15981.0	16720.0
Palestinian Territory	1079.0	984.0	1176.0	1241.0	3641.0	3749.0	3595.0	3987.0	4584.0	4834.0	4126.0	3521.0	2958.0	3287.0	3501.0	3849.0	3650.0	3831.0	3965.0	4092.0	4287.0	4721.0	4926.0	4980.0	4957.0	5103.0	5253.0	5284.0	5314.0
Panama	7597.0	7914.0	8495.0	8974.0	9155.0	8958.0	9184.0	9465.0	9929.0	9990.0	10226.0	10030.0	10396.0	10288.0	10707.0	11200.0	11967.0	13036.0	14170.0	14004.0	14182.0	16086.0	17235.0	17914.0	17985.0	18636.0	19212.0	20066.0	20455.0
Papua New Guinea	2133.0	2296.0	2400.0	2784.0	2924.0	2809.0	2854.0	2746.0	2566.0	2519.0	2453.0	2350.0	2313.0	2216.0	2283.0	2439.0	2366.0	2627.0	2612.0	2728.0	2854.0	2881.0	2947.0	2833.0	3469.0	3739.0	3810.0	3765.0	3686.0
Paraguay	6484.0	6408.0	6325.0	6829.0	7403.0	7827.0	8239.0	8120.0	7939.0	7649.0	7003.0	6902.0	6928.0	6537.0	6847.0	6956.0	7459.0	8123.0	8635.0	8461.0	9275.0	9668.0	9406.0	10092.0	10477.0	10649.0	10922.0	11430.0	11720.0
Peru	4963.0	5113.0	4989.0	5112.0	5655.0	5940.0	6069.0	6363.0	6289.0	6280.0	6327.0	6322.0	6560.0	6703.0	6845.0	7127.0	7419.0	8007.0	8762.0	8847.0	9360.0	9842.0	10497.0	11163.0	11392.0	11760.0	11956.0	11987.0	12323.0
Philippines	3965.0	3892.0	3869.0	3879.0	4001.0	4102.0	4275.0	4468.0	4695.0	4718.0	4972.0	5042.0	5143.0	5269.0	5493.0	5674.0	5822.0	6058.0	6222.0	6407.0	6737.0	6816.0	7179.0	7637.0	7947.0	8290.0	8701.0	9133.0	9540.0
Poland	9946.0	9200.0	9314.0	9698.0	10480.0	11137.0	11891.0	12647.0	13230.0	13857.0	14667.0	14869.0	15178.0	15631.0	16078.0	16891.0	17880.0	18903.0	20031.0	20315.0	20986.0	22025.0	22356.0	22766.0	23447.0	24369.0	25042.0	26182.0	27626.0
Portugal	20109.0	21079.0	21421.0	20976.0	21062.0	22018.0	22608.0	23334.0	24291.0	25095.0	25510.0	25795.0	25913.0	25701.0	26041.0	26182.0	26102.0	26694.0	26526.0	25753.0	26318.0	26264.0	25180.0	25305.0	25572.0	25860.0	26559.0	27404.0	27935.0
Qatar	73168.0	70251.0	76947.0	75006.0	75236.0	76081.0	78027.0	99021.0	103043.0	103712.0	100344.0	104649.0	106944.0	107396.0	111551.0	99214.0	111972.0	110766.0	109401.0	103834.0	109354.0	114214.0	112528.0	112039.0	111753.0	114105.0	113965.0	113133.0	110489.0
Romania	11434.0	10077.0	9246.0	9384.0	9775.0	10385.0	10805.0	10302.0	10085.0	10058.0	10368.0	11071.0	11875.0	12083.0	13165.0	14032.0	15171.0	16494.0	18478.0	17801.0	17207.0	17608.0	18044.0	18654.0	19558.0	20157.0	21173.0	22828.0	23906.0
Russia	20898.0	19782.0	16756.0	15338.0	13507.0	12897.0	12363.0	12471.0	11592.0	12417.0	13855.0	14823.0	15516.0	16532.0	17938.0	19086.0	20592.0	22542.0	23557.0	21688.0	22647.0	23594.0	24388.0	24675.0	24465.0	24032.0	24096.0	24472.0	25036.0
Rwanda	865.0	866.0	970.0	952.0	501.0	694.0	750.0	801.0	803.0	779.0	796.0	829.0	918.0	920.0	975.0	1052.0	1125.0	1187.0	1282.0	1326.0	1386.0	1455.0	1538.0	1564.0	1634.0	1731.0	1785.0	1849.0	1959.0
Saint Kitts and Nevis	15163.0	14666.0	14979.0	15811.0	16475.0	17337.0	17956.0	18899.0	18373.0	18717.0	20461.0	21260.0	21424.0	20126.0	21058.0	23149.0	23874.0	23803.0	25126.0	24043.0	23640.0	23898.0	23690.0	25084.0	24854.0	25298.0	25894.0	26287.0	26770.0
Saint Lucia	8551.0	8445.0	9113.0	8954.0	9027.0	9013.0	9234.0	9024.0	9439.0	9609.0	9464.0	8912.0	9006.0	9219.0	9684.0	9561.0	11042.0	11059.0	11411.0	11343.0	11337.0	11881.0	11626.0	11502.0	10787.0	10480.0	11142.0	11599.0	11528.0
Saint Vincent and the Grenadines	5321.0	5375.0	5797.0	6045.0	5913.0	6383.0	6530.0	6700.0	6977.0	7072.0	7197.0	7390.0	7844.0	8330.0	8595.0	8828.0	9625.0	9563.0	10222.0	10157.0	9832.0	9774.0	10036.0	9994.0	10535.0	11497.0	11337.0	11333.0	11746.0
Samoa	4768.0	4574.0	4362.0	4561.0	2988.0	3103.0	3437.0	3438.0	3587.0	3628.0	3844.0	4113.0	4449.0	4606.0	4813.0	4942.0	5037.0	5348.0	5360.0	5142.0	5240.0	5459.0	5458.0	5303.0	5320.0	5456.0	5795.0	5876.0	5885.0
Sao Tome and Principe	1816.0	1758.0	1732.0	1705.0	1716.0	1695.0	1721.0	1695.0	1684.0	1739.0	1738.0	1892.0	1906.0	2022.0	2049.0	2154.0	2389.0	2419.0	2468.0	2457.0	2567.0	2621.0	2590.0	2736.0	2883.0	2880.0	2962.0	3002.0	3024.0
Saudi Arabia	44193.0	48313.0	48353.0	46788.0	45253.0	44744.0	44303.0	43906.0	44726.0	42345.0	43348.0	41866.0	39509.0	42567.0	44734.0	45970.0	46044.0	45861.0	47603.0	45276.0	45958.0	49173.0	50283.0	50244.0	50755.0	51509.0	51099.0	49371.0	49338.0
Senegal	2262.0	2250.0	2233.0	2177.0	2117.0	2177.0	2194.0	2205.0	2289.0	2365.0	2381.0	2438.0	2388.0	2495.0	2582.0	2660.0	2663.0	2722.0	2764.0	2725.0	2749.0	2696.0	2754.0	2752.0	2846.0	2933.0	3018.0	3139.0	3256.0
Serbia	12309.0	10777.0	7666.0	6802.0	6932.0	7309.0	7509.0	8107.0	8304.0	7298.0	7938.0	8353.0	8914.0	9307.0	10151.0	10714.0	11784.0	12506.0	13173.0	13006.0	13083.0	13453.0	13282.0	13634.0	13488.0	13677.0	14078.0	14280.0	15218.0
Seychelles	13709.0	14000.0	15048.0	15627.0	15326.0	14514.0	15143.0	16896.0	17728.0	17609.0	17504.0	17513.0	15963.0	15810.0	16601.0	18002.0	19281.0	19508.0	18353.0	18468.0	19226.0	20991.0	21340.0	22225.0	22638.0	23355.0	23671.0	24431.0	25077.0
Sierra Leone	1114.0	1171.0	915.0	987.0	903.0	893.0	931.0	885.0	862.0	843.0	880.0	800.0	970.0	1017.0	1035.0	1040.0	1053.0	1184.0	1251.0	1275.0	1222.0	1238.0	1460.0	1661.0	1673.0	1309.0	1228.0	1360.0	1381.0
Singapore	34576.0	35663.0	37500.0	39878.0	43910.0	45938.0	46719.0	50261.0	47286.0	49422.0	52046.0	50091.0	50856.0	53580.0	55941.0	58890.0	64304.0	67296.0	64409.0	61565.0	72280.0	73422.0	74094.0	75742.0	79236.0	77686.0	78759.0	81500.0	83793.0
Slovakia	14628.0	12404.0	11544.0	11664.0	12358.0	13245.0	14149.0	14876.0	15443.0	15298.0	15513.0	16150.0	16813.0	16874.0	17965.0	19433.0	21030.0	23310.0	24896.0	23801.0	24585.0	24896.0	25716.0	26328.0	26939.0	27693.0	28706.0	29544.0	30672.0
Slovenia	83449.0	48846.0	16414.0	13956.0	13684.0	18515.0	19133.0	20076.0	20759.0	21853.0	22656.0	23325.0	23999.0	24618.0	25587.0	26695.0	28026.0	29483.0	30313.0	27963.0	28291.0	28411.0	27545.0	27253.0	28149.0	28128.0	29114.0	30777.0	32143.0
Solomon Islands	1291.0	1396.0	1452.0	1335.0	1422.0	1482.0	1420.0	2241.0	2214.0	2151.0	1818.0	1637.0	1531.0	1593.0	1650.0	1687.0	1772.0	1711.0	1630.0	1300.0	1364.0	1489.0	1840.0	1961.0	1967.0	2033.0	1986.0	1970.0	2027.0
South Africa	9588.0	9349.0	8951.0	8855.0	8951.0	9023.0	9210.0	9286.0	9167.0	9244.0	9498.0	9556.0	9842.0	9985.0	10388.0	10798.0	11257.0	11545.0	11777.0	11535.0	11723.0	11868.0	11923.0	12038.0	12063.0	12052.0	11908.0	11864.0	11756.0
South Sudan	2399.0	2399.0	2399.0	2399.0	2399.0	2399.0	2399.0	2399.0	2399.0	2399.0	2399.0	2399.0	2399.0	2399.0	2399.0	2399.0	2399.0	2399.0	2399.0	2403.0	2421.0	2381.0	2234.0	2372.0	2310.0	2096.0	1686.0	1518.0	1455.0
Spain	23594.0	24144.0	24217.0	23975.0	23991.0	24982.0	25463.0	26307.0	27308.0	28422.0	29853.0	30624.0	31044.0	31554.0	31961.0	32422.0	33110.0	33494.0	33248.0	32044.0	32045.0	31512.0	30888.0	30516.0	31088.0	32265.0	33379.0	34226.0	35041.0
Sri Lanka	3587.0	3704.0	3845.0	4076.0	4239.0	4408.0	4540.0	4815.0	4993.0	5168.0	5441.0	5323.0	5505.0	5816.0	6077.0	6391.0	6820.0	7250.0	7537.0	7835.0	8409.0	9064.0	9804.0	9996.0	10399.0	10789.0	11124.0	11378.0	11611.0
Sudan	1614.0	1576.0	1689.0	1769.0	1781.0	1855.0	1967.0	2139.0	2164.0	2147.0	2178.0	2233.0	2325.0	2404.0	2412.0	2549.0	2757.0	2967.0	3118.0	3130.0	3128.0	3494.0	3758.0	2685.0	3772.0	3904.0	3994.0	4092.0	3962.0
Suriname	10377.0	10448.0	10322.0	9321.0	9562.0	9463.0	9380.0	9585.0	9713.0	9311.0	9305.0	8804.0	9847.0	10356.0	11058.0	11656.0	12219.0	12952.0	13423.0	13608.0	13793.0	13912.0	14435.0	14896.0	14955.0	14448.0	12792.0	11607.0	11933.0
Sweden	30334.0	29502.0	28487.0	27527.0	29069.0	30122.0	30587.0	31489.0	33132.0	35231.0	36928.0	37414.0	38148.0	39454.0	40532.0	41836.0	44087.0	45438.0	45030.0	41885.0	44175.0	44717.0	44360.0	44514.0	45157.0	46168.0	46662.0	47398.0	47955.0
Switzerland	49156.0	48156.0	47492.0	47218.0	47077.0	47382.0	47545.0	49353.0	50883.0	51880.0	54127.0	53135.0	52175.0	53812.0	54719.0	57194.0	58584.0	56611.0	53101.0	55849.0	59150.0	56832.0	57403.0	57718.0	57463.0	58723.0	58138.0	57301.0	59375.0
Syria	3432.0	3589.0	3975.0	4075.0	4426.0	4608.0	4815.0	5027.0	5111.0	4814.0	4664.0	4764.0	5039.0	4997.0	5246.0	5379.0	5562.0	5725.0	5754.0	5964.0	6086.0	5752.0	4567.0	3538.0	2830.0	2658.0	2551.0	2633.0	2725.0
Tajikistan	4147.0	3770.0	2627.0	2161.0	1348.0	1386.0	1104.0	1153.0	1203.0	1228.0	1286.0	1390.0	1515.0	1637.0	1810.0	1905.0	1998.0	2135.0	2273.0	2306.0	2704.0	2863.0	3006.0	3190.0	3133.0	3089.0	3168.0	3262.0	3482.0
Tanzania	1490.0	1478.0	1434.0	1407.0	1389.0	1407.0	1449.0	1457.0	1485.0	1521.0	1549.0	1579.0	1673.0	1725.0	1802.0	1872.0	1974.0	2025.0	2085.0	2134.0	2187.0	2286.0	2328.0	2410.0	2494.0	2562.0	2648.0	2743.0	2805.0
Thailand	6562.0	7023.0	7452.0	8039.0	8592.0	9180.0	9530.0	9117.0	8244.0	8608.0	9004.0	9155.0	9564.0	10114.0	10647.0	11008.0	11576.0	12176.0	12297.0	12164.0	12921.0	13211.0	13797.0	13840.0	14101.0	14466.0	14966.0	15548.0	16129.0
Timor Leste	4069.0	4362.0	4684.0	5021.0	5185.0	5669.0	6302.0	6872.0	6791.0	3371.0	4993.0	5262.0	5668.0	4735.0	3385.0	1818.0	3199.0	6646.0	7176.0	8220.0	8155.0	7974.0	4717.0	6233.0	5666.0	8284.0	8350.0	7434.0	7527.0
Togo	1302.0	1262.0	1189.0	987.0	1082.0	1155.0	1236.0	1371.0	1300.0	1280.0	1236.0	1182.0	1148.0	1176.0	1168.0	1153.0	1169.0	1164.0	1189.0	1220.0	1259.0	1364.0	1361.0	1413.0	1463.0	1539.0	1545.0	1560.0	1593.0
Tonga	3670.0	3866.0	3845.0	3969.0	4314.0	4346.0	4353.0	4336.0	4513.0	4546.0	4589.0	4718.0	4975.0	5004.0	4974.0	4952.0	4960.0	4742.0	4834.0	4971.0	5153.0	5298.0	5393.0	5252.0	5306.0	5534.0	5678.0	5836.0	5783.0
Trinidad and Tobago	10058.0	10247.0	11224.0	11239.0	11416.0	11937.0	12534.0	13789.0	15046.0	16186.0	16923.0	17870.0	19364.0	21889.0	24267.0	25126.0	28240.0	29676.0	30565.0	28806.0	29737.0	27546.0	28402.0	29770.0	29142.0	31160.0	28854.0	28786.0	28497.0
Tunisia	5462.0	5505.0	5784.0	5707.0	5810.0	5891.0	6182.0	6487.0	6739.0	7073.0	7309.0	7533.0	7573.0	7889.0	8303.0	8438.0	8829.0	9248.0	9486.0	9740.0	9977.0	9661.0	9991.0	10126.0	10419.0	10484.0	10531.0	10564.0	10677.0
Turkey	11214.0	11099.0	11482.0	12174.0	11317.0	12089.0	12804.0	13562.0	13719.0	13010.0	13656.0	12518.0	13208.0	13766.0	14945.0	16129.0	17062.0	17734.0	17662.0	16584.0	17804.0	19481.0	20106.0	21414.0	22146.0	23048.0	23409.0	24702.0	24905.0
Turkmenistan	8375.0	7768.0	6418.0	6334.0	5251.0	4635.0	4853.0	4347.0	4497.0	5102.0	5008.0	5343.0	5316.0	5516.0	5718.0	6044.0	6691.0	7590.0	8369.0	8674.0	9109.0	10128.0	11077.0	12083.0	13041.0	14115.0	15236.0	15710.0	16407.0
Tuvalu	4713.0	4866.0	5066.0	4740.0	5477.0	5241.0	4687.0	5505.0	5922.0	5670.0	4889.0	5811.0	7063.0	4817.0	5161.0	4940.0	4809.0	5463.0	5333.0	5423.0	4779.0	4743.0	3971.0	4845.0	4186.0	5315.0	5239.0	5075.0	5409.0
Uganda	758.0	775.0	765.0	814.0	839.0	912.0	968.0	994.0	1014.0	1063.0	1048.0	1055.0	1122.0	1159.0	1191.0	1224.0	1320.0	1394.0	1471.0	1523.0	1559.0	1654.0	1656.0	1658.0	1684.0	1717.0	1733.0	1727.0	1752.0
Ukraine	10744.0	9801.0	8609.0	7216.0	5689.0	4993.0	4548.0	4451.0	4374.0	4371.0	4665.0	5210.0	5555.0	6149.0	6940.0	7207.0	7759.0	8400.0	8694.0	7359.0	7715.0	8089.0	8179.0	8194.0	8145.0	7373.0	7601.0	7670.0	7994.0
United Arab Emirates	110756.0	104110.0	100694.0	100178.0	103248.0	106644.0	106927.0	108850.0	103821.0	101107.0	108412.0	104337.0	97501.0	98534.0	99013.0	93174.0	89202.0	80087.0	70366.0	59484.0	55342.0	56592.0	57900.0	60675.0	63062.0	66093.0	67410.0	67136.0	66912.0
United Kingdom	26485.0	26133.0	26228.0	26800.0	27864.0	28410.0	29072.0	30283.0	31365.0	32056.0	33278.0	34209.0	35116.0	36116.0	36670.0	37682.0	37882.0	38325.0	37721.0	35907.0	36534.0	36966.0	36707.0	36825.0	37627.0	38116.0	38421.0	39216.0	39507.0
United States	37154.0	36597.0	37350.0	37867.0	38858.0	39449.0	40470.0	41718.0	43049.0	44612.0	45974.0	46032.0	46379.0	47343.0	48752.0	49980.0	50795.0	51457.0	51048.0	49292.0	50297.0	50813.0	51533.0	52092.0	52982.0	54039.0	54443.0	55351.0	56140.0
Uruguay	9499.0	9892.0	10656.0	10876.0	11553.0	11336.0	11907.0	12923.0	13417.0	13177.0	12864.0	12344.0	11493.0	11044.0	11576.0	12638.0	13231.0	14070.0	14919.0	15455.0	16521.0	17382.0	17192.0	18306.0	18632.0	19036.0	19196.0	19400.0	19435.0
Uzbekistan	3089.0	3002.0	2604.0	2492.0	2317.0	2257.0	2246.0	2303.0	2376.0	2444.0	2487.0	2553.0	2630.0	2719.0	2910.0	3084.0	3262.0	3685.0	4005.0	4134.0	4373.0	4645.0	4980.0	5351.0	5573.0	5759.0	5968.0	6190.0	6462.0
Vanuatu	2619.0	2339.0	2269.0	2402.0	2304.0	2421.0	2358.0	2402.0	2675.0	2670.0	2690.0	2624.0	2360.0	2388.0	2413.0	2441.0	2639.0	2692.0	2955.0	2888.0	2846.0	2820.0	2700.0	2835.0	2840.0	2680.0	2751.0	2799.0	2808.0
Venezuela	14529.0	15667.0	15945.0	15666.0	14919.0	15290.0	14943.0	15524.0	15322.0	14286.0	14562.0	14715.0	12974.0	11790.0	13592.0	15010.0	16443.0	18014.0	18486.0	17417.0	16783.0	16882.0	17532.0	17459.0	17111.0	15101.0	12570.0	10670.0	9070.0
Vietnam	1369.0	1436.0	1559.0	1645.0	1781.0	1944.0	2084.0	2217.0	2315.0	2408.0	2725.0	2868.0	3020.0	3190.0	3416.0	3367.0	3557.0	3752.0	3918.0	3705.0	4266.0	4461.0	4655.0	4843.0	5052.0	5314.0	5638.0	5916.0	6220.0
Yemen	2382.0	2423.0	2258.0	2237.0	2112.0	1796.0	2364.0	2760.0	3447.0	2579.0	2748.0	3431.0	3366.0	3375.0	3386.0	3141.0	3279.0	3703.0	3575.0	4490.0	3688.0	3876.0	3365.0	3351.0	3296.0	2668.0	1966.0	1508.0	1433.0
Zambia	2140.0	2020.0	1969.0	2101.0	1900.0	1909.0	1988.0	2006.0	1935.0	2001.0	2034.0	2094.0	2142.0	2248.0	2261.0	2332.0	2409.0	2490.0	2705.0	3031.0	3114.0	3251.0	3520.0	3482.0	3615.0	3617.0	3622.0	3553.0	3582.0
Zimbabwe	2693.0	2764.0	2448.0	2440.0	2611.0	2574.0	2833.0	2851.0	2871.0	2854.0	2747.0	2792.0	2554.0	2124.0	1973.0	1853.0	1759.0	1662.0	1308.0	1399.0	1689.0	1861.0	2158.0	2239.0	2259.0	2226.0	2246.0	2318.0	2661.0
